Step,User_ID,Latency_s,Association,Offload_Ratio,Allocated_Freq_Hz,Energy_J,Cum_Energy_J
0,0,1.0220339679632549,UAV_0,0.00900104655822575,521792480.0,0.1411074725999892,0.1411074725999892
0,1,1.1829466156083501,UAV_2,0.0922554015254133,961904832.0,0.17181249377361968,0.17181249377361968
0,2,1.892032291743572,Local,0.0,0.0,0.18920322917435717,0.18920322917435717
0,3,3.797372147293412,UAV_0,0.02422348011870414,695713152.0,0.4275186427554699,0.4275186427554699
0,4,1.6258922220180814,Local,0.0,0.0,0.16258922220180813,0.16258922220180813
0,5,2.180447121008783,Local,0.0,0.0,0.21804471210087825,0.21804471210087825
0,6,2.6341549340024146,Local,0.0,0.0,0.26341549340024145,0.26341549340024145
0,7,2.188409578282222,Local,0.0,0.0,0.21884095782822222,0.21884095782822222
0,8,1.8630500062510427,Local,0.0,0.0,0.18630500062510424,0.18630500062510424
0,9,4.359564373834913,Local,0.0,0.0,0.43595643738349127,0.43595643738349127
1,0,1.2119886938820426,UAV_0,0.0020774750604419137,418666112.0,0.128256306910248,0.2693637795102372
1,1,2.5164721890827604,Local,0.0,0.0,0.251647218908276,0.4234597126818957
1,2,2.9955300481862404,Local,0.0,0.0,0.29955300481862396,0.4887562339929811
1,3,0.9812589013953902,UAV_1,0.0015326083134706027,61535780.0,0.0988832381555001,0.5264018809109701
1,4,1.702776141825563,Local,0.0,0.0,0.1702776141825563,0.33286683638436443
1,5,1.722601237503518,Local,0.0,0.0,0.1722601237503518,0.39030483585123005
1,6,2.747217472935202,Local,0.0,0.0,0.27472174729352017,0.5381372406937617
1,7,2.255836957347558,UAV_0,0.004096597334119024,23131950.0,0.23357724277131992,0.45241820059954213
1,8,2.560449565408634,Local,0.0,0.0,0.2560449565408634,0.44234995716596764
1,9,2.3333170762094895,Local,0.0,0.0,0.23333170762094893,0.6692881450044402
2,0,0.9660454110759175,Local,0.0,0.0,0.09660454110759173,0.3659683206178289
2,1,1.41092569607911,Local,0.0,0.0,0.141092569607911,0.5645522822898067
2,2,2.3481669285368665,Local,0.0,0.0,0.23481669285368664,0.7235729268466677
2,3,2.618339013320881,Local,0.0,0.0,0.26183390133208806,0.7882357822430581
2,4,1.228979852840306,Local,0.0,0.0,0.12289798528403059,0.45576482166839505
2,5,1.242639379596613,UAV_1,0.01635664512375802,1562786944.0,0.15720438202974396,0.547509217880974
2,6,0.5800805796317104,Local,0.0,0.0,0.05800805796317104,0.5961452986569327
2,7,1.4757663002563057,UAV_1,0.0114152981952542,907399040.0,0.16419630939547114,0.6166145099950133
2,8,2.7188509970684676,Local,0.0,0.0,0.2718850997068467,0.7142350568728144
2,9,2.3299550271637917,Local,0.0,0.0,0.23299550271637914,0.9022836477208194
3,0,1.6164162506116682,Local,0.0,0.0,0.1616416250611668,0.5276099456789958
3,1,1.4140602093311807,Local,0.0,0.0,0.14140602093311805,0.7059583032229247
3,2,1.0018715315099533,Local,0.0,0.0,0.10018715315099531,0.8237600799976631
3,3,1.071391295927294,Local,0.0,0.0,0.10713912959272939,0.8953749118357875
3,4,2.5153013858858584,Local,0.0,0.0,0.25153013858858586,0.7072949602569809
3,5,2.7862244191562224,UAV_1,0.07437079074538198,1675791104.0,0.45194693738169167,0.9994561552626656
3,6,2.0793675873776487,Local,0.0,0.0,0.20793675873776482,0.8040820573946975
3,7,0.8171351532966459,UAV_0,0.04107095926063748,1805394944.0,0.08977262112047071,0.706387131115484
3,8,3.500221052502483,Local,0.0,0.0,0.3500221052502483,1.0642571621230628
3,9,1.9302188902734954,Local,0.0,0.0,0.19302188902734954,1.095305536748169
4,0,3.721396518252525,UAV_1,0.001062266380688287,22697444.0,0.37318152515702047,0.9007914708360163
4,1,1.5764278330913035,Local,0.0,0.0,0.15764278330913034,0.8636010865320551
4,2,1.579878113782506,Local,0.0,0.0,0.1579878113782506,0.9817478913759137
4,3,3.11042163583298,UAV_1,0.12353089264896837,417672928.0,0.577929473536792,1.4733043853725796
4,4,1.3947952896576898,Local,0.0,0.0,0.13947952896576898,0.8467744892227499
4,5,3.123984614482606,UAV_0,0.04022251376965998,233119600.0,0.3513342720477777,1.3507904273104434
4,6,2.8662462012524967,Local,0.0,0.0,0.28662462012524964,1.0907066775199472
4,7,1.4006193564713323,UAV_2,0.01148036613581556,1138409984.0,0.14703639468521532,0.8534235258006994
4,8,3.80880236276787,Local,0.0,0.0,0.3808802362767869,1.4451373983998497
4,9,0.9453039588046256,Local,0.0,0.0,0.09453039588046255,1.1898359326286316
5,0,2.363416458642792,Local,0.0,0.0,0.23634164586427922,1.1371331167002956
5,1,2.831944567078417,Local,0.0,0.0,0.28319445670784166,1.1467955432398969
5,2,1.300584357500303,Local,0.0,0.0,0.1300584357500303,1.111806327125944
5,3,1.870823250963335,UAV_0,0.046273978742570346,1555512576.0,0.21105793757934202,1.6843623229519216
5,4,1.3771574693668647,Local,0.0,0.0,0.13771574693668645,0.9844902361594363
5,5,2.125020247440241,Local,0.0,0.0,0.21250202474402405,1.5632924520544675
5,6,1.9805612713625618,Local,0.0,0.0,0.19805612713625614,1.2887628046562034
5,7,1.8824633340619246,Local,0.0,0.0,0.18824633340619243,1.0416698592068918
5,8,2.900011802908243,UAV_0,0.030362517324777426,32737728.0,0.32422916354813175,1.7693665619479815
5,9,3.071935050573876,Local,0.0,0.0,0.3071935050573876,1.4970294376860191
6,0,2.105014803037046,Local,0.0,0.0,0.21050148030370455,1.3476345970040002
6,1,3.6681720472675785,Local,0.0,0.0,0.36681720472675783,1.5136127479666546
6,2,2.189329805464787,Local,0.0,0.0,0.21893298054647867,1.3307393076724225
6,3,0.5212850960796037,UAV_0,0.3519365900424793,1396718720.0,0.1156881853484497,1.8000505083003713
6,4,3.210267708608179,Local,0.0,0.0,0.3210267708608178,1.3055170070202542
6,5,0.7754602270859067,UAV_1,0.03914242707355263,250373760.0,0.09307660664267259,1.6563690586971402
6,6,2.0426225241666445,Local,0.0,0.0,0.20426225241666443,1.4930250570728678
6,7,1.508110899443677,UAV_0,0.007357985302628414,4023837952.0,0.15352439822387645,1.1951942574307683
6,8,2.264742398027976,Local,0.0,0.0,0.2264742398027976,1.9958408017507792
6,9,3.149010203345094,Local,0.0,0.0,0.3149010203345094,1.8119304580205284
7,0,2.129382152359764,UAV_0,0.006568915164338631,1441768448.0,0.25040107446313925,1.5980356714671395
7,1,1.7763512152669774,Local,0.0,0.0,0.17763512152669772,1.6912478694933524
7,2,1.4236417816664755,Local,0.0,0.0,0.14236417816664754,1.4731034858390701
7,3,2.3956025513286354,UAV_1,0.2144508568618812,866232960.0,0.4540763916255341,2.254126899925905
7,4,1.1319836238644476,Local,0.0,0.0,0.11319836238644475,1.418715369406699
7,5,2.7431962893602697,UAV_0,0.003438804754242331,974602496.0,0.27900735100979934,1.9353764097069397
7,6,1.46262177424493,Local,0.0,0.0,0.14626217742449296,1.6392872344973608
7,7,2.266075532724334,UAV_0,0.002197356543540752,988866624.0,0.22831202813796614,1.4235062855687346
7,8,4.423335713019599,Local,0.0,0.0,0.4423335713019599,2.438174373052739
7,9,1.1549715022487752,Local,0.0,0.0,0.1154971502248775,1.9274276082454058
8,0,1.9134472971712626,Local,0.0,0.0,0.19134472971712624,1.7893804011842658
8,1,2.465310986271802,Local,0.0,0.0,0.24653109862718017,1.9377789681205326
8,2,1.9517236108731435,Local,0.0,0.0,0.19517236108731434,1.6682758469263845
8,3,1.2142587828803366,UAV_0,0.6772703693051677,3080885504.0,0.21868134687788235,2.4728082468037877
8,4,2.5635745533759415,Local,0.0,0.0,0.2563574553375942,1.6750728247442932
8,5,1.201401809171083,UAV_1,0.0344014226077899,295281088.0,0.1378685079889713,2.073244917695911
8,6,0.7037921478394695,Local,0.0,0.0,0.07037921478394694,1.7096664492813078
8,7,0.7703803242945334,UAV_0,0.009004369071640561,2363399936.0,0.07846102007666839,1.501967305645403
8,8,2.2078899995401993,Local,0.0,0.0,0.22078899995401993,2.658963373006759
8,9,2.4552241116607925,Local,0.0,0.0,0.2455224111660792,2.172950019411485
9,0,1.7716304888753904,Local,0.0,0.0,0.17716304888753906,1.9665434500718049
9,1,3.640672887746968,Local,0.0,0.0,0.36406728877469674,2.3018462568952294
9,2,2.5724829233994555,Local,0.0,0.0,0.2572482923399455,1.92552413926633
9,3,0.6879645244775228,UAV_0,0.05348045737717251,2054442368.0,0.07367440845058329,2.546482655254371
9,4,3.7189246523529254,Local,0.0,0.0,0.3718924652352925,2.046965289979586
9,5,0.9467567070764271,UAV_2,0.3157274249961619,4131843840.0,0.16095013127942123,2.2341950489753324
9,6,2.488245823560989,Local,0.0,0.0,0.24882458235609886,1.9584910316374067
9,7,1.400926284881352,UAV_0,0.0034539370233193823,190945808.0,0.14108817568870505,1.643055481334108
9,8,2.5412221755954927,Local,0.0,0.0,0.2541222175595492,2.913085590566308
9,9,1.6948450460968396,Local,0.0,0.0,0.16948450460968392,2.342434524021169
10,0,2.812484230495469,Local,0.0,0.0,0.2812484230495469,2.2477918731213515
10,1,2.7138480590800644,Local,0.0,0.0,0.2713848059080064,2.5732310628032358
10,2,4.256368629149496,Local,0.0,0.0,0.42563686291494957,2.3511610021812794
10,3,1.7015939028782605,Local,0.0,0.0,0.17015939028782603,2.716642045542197
10,4,2.6761119230420527,Local,0.0,0.0,0.2676111923042052,2.314576482283791
10,5,1.840703507990074,Local,0.0,0.0,0.18407035079900735,2.4182653997743397
10,6,2.3373941160563145,Local,0.0,0.0,0.23373941160563141,2.192230443243038
10,7,1.697721260730647,Local,0.0,0.0,0.1697721260730647,1.8128276074071727
10,8,1.1785139691070377,UAV_0,0.01246805197536211,13633218.0,0.119406756799258,3.032492347365566
10,9,4.123685380174023,UAV_2,0.006376309975701785,826729088.0,0.4210879673752327,2.763522491396402
11,0,2.890993574651905,Local,0.0,0.0,0.2890993574651905,2.536891230586542
11,1,2.552058261403297,Local,0.0,0.0,0.25520582614032966,2.8284368889435654
11,2,1.1882869648073553,Local,0.0,0.0,0.11882869648073552,2.469989698662015
11,3,1.0195061106541563,Local,0.0,0.0,0.10195061106541561,2.8185926566076125
11,4,1.3481531575249857,Local,0.0,0.0,0.13481531575249853,2.4493917980362894
11,5,1.6504945909914854,UAV_1,0.21401563570115992,2032765952.0,0.310795718322057,2.729061118096397
11,6,4.332495713135581,Local,0.0,0.0,0.43324957131355807,2.6254800145565964
11,7,1.6086153431273107,UAV_0,0.0011067104600075667,382469152.0,0.160945019573744,1.9737726269809168
11,8,4.154438367798181,Local,0.0,0.0,0.41544383677981817,3.447936184145384
11,9,1.7249314699671017,Local,0.0,0.0,0.17249314699671014,2.936015638393112
12,0,2.5726644610546683,UAV_0,0.02830291895327831,1794066176.0,0.38025316153342137,2.9171443921199636
12,1,8.36623641645514,UAV_0,0.31996016201399075,201757632.0,0.7501221892257479,3.578559078169313
12,2,1.633282131361488,Local,0.0,0.0,0.1633282131361488,2.6333179117981635
12,3,2.6017557730955283,Local,0.0,0.0,0.26017557730955276,3.0787682339171654
12,4,1.5469319007151865,Local,0.0,0.0,0.15469319007151866,2.604084988107808
12,5,1.3396552660404646,UAV_0,0.22568040217127777,268205552.0,0.16221565783705771,2.891276775933455
12,6,1.2968938029450254,Local,0.0,0.0,0.12968938029450255,2.755169394851099
12,7,2.6403045720225826,UAV_0,0.0018624460412357583,737613376.0,0.26463502664928673,2.2384076536302038
12,8,3.3717321823408604,Local,0.0,0.0,0.33717321823408597,3.78510940237947
12,9,1.2369231465043447,Local,0.0,0.0,0.12369231465043447,3.0597079530435463
13,0,1.0313682239021675,UAV_0,0.037798405281638116,66732076.0,0.14119788538725433,3.0583422775072178
13,1,1.8611828139224564,UAV_2,0.001853906280108658,2404103680.0,0.18630969739275272,3.764868775562066
13,2,3.8862570892080703,Local,0.0,0.0,0.388625708920807,3.0219436207189707
13,3,1.8960732901590946,UAV_0,0.11463849958147967,347171104.0,0.21472260765116347,3.293490841568329
13,4,2.053008094953306,Local,0.0,0.0,0.20530080949533053,2.8093857976031384
13,5,3.2373449249200386,Local,0.0,0.0,0.32373449249200387,3.215011268425459
13,6,2.5111435332294563,UAV_0,0.5085095294477848,271282368.0,0.2040598700597827,2.959229264910882
13,7,2.4981327772820907,Local,0.0,0.0,0.24981327772820902,2.4882209313584127
13,8,1.1631864294148393,UAV_0,0.02179052543768617,229343424.0,0.12375806654829305,3.908867468927763
13,9,3.216886288133282,UAV_2,0.011993527532171713,1654982016.0,0.33614435045298663,3.395852303496533
14,0,2.1348930396637824,UAV_2,0.060649148581534335,724454208.0,0.21827097858381353,3.2766132560910313
14,1,2.6169822357443357,Local,0.0,0.0,0.2616982235744335,4.0265669991365
14,2,3.0818050053817156,Local,0.0,0.0,0.30818050053817153,3.330124121257142
14,3,2.3673040246787727,Local,0.0,0.0,0.2367304024678772,3.5302212440362064
14,4,2.7291990037054554,Local,0.0,0.0,0.2729199003705455,3.082305697973684
14,5,4.010205200401766,UAV_0,0.012844609821721916,2488395008.0,0.4029607701795882,3.617972038605047
14,6,3.6791484395281207,Local,0.0,0.0,0.367914843952812,3.3271441088636937
14,7,1.371326313769119,Local,0.0,0.0,0.13713263137691187,2.6253535627353246
14,8,1.3398376308516187,Local,0.0,0.0,0.13398376308516186,4.042851232012925
14,9,1.7232456938146938,Local,0.0,0.0,0.17232456938146937,3.568176872878002
15,0,1.3480153925013445,Local,0.0,0.0,0.1348015392501344,3.4114147953411655
15,1,3.2066155544429003,UAV_2,0.005165096461286739,260107808.0,0.3208464892347853,4.347413488371285
15,2,2.43073303718939,Local,0.0,0.0,0.24307330371893898,3.5731974249760814
15,3,0.7239826274045427,UAV_0,0.7954239652740671,4373886464.0,0.10909392475286503,3.6393151687890715
15,4,1.3282513905016504,Local,0.0,0.0,0.13282513905016502,3.215130837023849
15,5,1.635279063154948,UAV_0,0.08719397257778415,1042293760.0,0.17602164360715586,3.793993682212203
15,6,1.349089203971298,Local,0.0,0.0,0.13490892039712976,3.4620530292608236
15,7,1.0982884815415628,Local,0.0,0.0,0.10982884815415628,2.7351824108894807
15,8,1.162307589919589,UAV_0,0.011864653499288136,198811472.0,0.11819948737540266,4.161050719388328
15,9,2.69820826817921,Local,0.0,0.0,0.269820826817921,3.837997699695923
16,0,4.163389478814375,Local,0.0,0.0,0.4163389478814375,3.827753743222603
16,1,1.8806140303708765,Local,0.0,0.0,0.18806140303708765,4.535474891408373
16,2,1.8877979585713924,Local,0.0,0.0,0.18877979585713922,3.7619772208332205
16,3,2.97147198970741,Local,0.0,0.0,0.29714719897074093,3.9364623677598125
16,4,2.1910434892974444,Local,0.0,0.0,0.2191043489297444,3.4342351859535936
16,5,2.2439757795918007,UAV_2,0.014967016755511866,617985408.0,0.22550238184979818,4.019496064062001
16,6,2.80301631842817,Local,0.0,0.0,0.280301631842817,3.7423546611036405
16,7,1.6216467721959311,UAV_0,0.015472077895142726,520802432.0,0.1626630029314954,2.897845413820976
16,8,2.7966142334178627,Local,0.0,0.0,0.27966142334178623,4.440712142730114
16,9,1.8211998906713665,Local,0.0,0.0,0.18211998906713664,4.02011768876306
17,0,2.125542071382899,Local,0.0,0.0,0.21255420713828987,4.0403079503608925
17,1,2.1855678516957555,Local,0.0,0.0,0.21855678516957552,4.754031676577948
17,2,1.1886726211191279,Local,0.0,0.0,0.11886726211191276,3.8808444829451334
17,3,1.4277578093355738,UAV_0,0.053435591203643884,2945752064.0,0.14453070755062766,4.08099307531044
17,4,2.6337666177689614,Local,0.0,0.0,0.2633766617768961,3.6976118477304896
17,5,1.2310334730785977,UAV_2,0.21122185815073852,384008416.0,0.13248337472729013,4.151979438789291
17,6,2.162006604643602,Local,0.0,0.0,0.21620066046436023,3.9585553215680007
17,7,1.2619880815035227,UAV_0,0.04026563855803657,711342912.0,0.1281794157182107,3.0260248295391867
17,8,2.224872444675612,Local,0.0,0.0,0.22248724446756118,4.663199387197675
17,9,4.20291218668029,Local,0.0,0.0,0.42029121866802904,4.440408907431089
18,0,1.149245409104234,UAV_0,0.013497476121664291,141714656.0,0.11778695072411978,4.158094901085012
18,1,2.251151312386709,Local,0.0,0.0,0.22511513123867094,4.979146807816619
18,2,4.3887470527145105,Local,0.0,0.0,0.438874705271451,4.319719188216585
18,3,2.8208140514502063,Local,0.0,0.0,0.2820814051450206,4.36307448045546
18,4,3.1018831526005326,Local,0.0,0.0,0.3101883152600532,4.007800162990542
18,5,3.273654482993154,UAV_2,0.010786169948617686,501642592.0,0.32803402994512887,4.48001346873442
18,6,3.0867413360327083,Local,0.0,0.0,0.3086741336032708,4.267229455171272
18,7,1.4351800964288692,Local,0.0,0.0,0.14351800964288688,3.1695428391820735
18,8,2.788401503927662,Local,0.0,0.0,0.2788401503927662,4.942039537590442
18,9,1.884703908659758,Local,0.0,0.0,0.18847039086597578,4.628879298297065
19,0,0.8918964370296405,UAV_0,0.18441797768139387,527256832.0,0.1897391007797959,4.347834001864808
19,1,3.001243155495749,UAV_2,0.0030289507743180046,878628672.0,0.3001668673431002,5.279313675159719
19,2,1.7069690065821594,Local,0.0,0.0,0.17069690065821594,4.490416088874801
19,3,2.7258311884289865,UAV_0,0.01860983646496217,2261339904.0,0.2740673686285602,4.637141849084021
19,4,1.1788543286998965,UAV_0,0.4476393782219364,1275886208.0,0.21919807449357565,4.226998237484118
19,5,3.8598261167447854,Local,0.0,0.0,0.3859826116744785,4.865996080408898
19,6,1.9436997436303918,Local,0.0,0.0,0.19436997436303916,4.461599429534311
19,7,2.8530890266658715,Local,0.0,0.0,0.28530890266658715,3.4548517418486604
19,8,1.4857809097035606,UAV_0,0.026533529477876804,151586480.0,0.15300206512185383,5.095041602712295
19,9,1.6679885437276296,Local,0.0,0.0,0.16679885437276296,4.7956781526698276
20,0,1.7962906548586846,Local,0.0,0.0,0.17962906548586843,4.527463067350676
20,1,2.607872617262659,Local,0.0,0.0,0.26078726172626593,5.5401009368859855
20,2,0.6746843147674252,Local,0.0,0.0,0.06746843147674252,4.557884520351543
20,3,1.5217690053192716,UAV_0,0.012521822157863157,740838528.0,0.15246117627523936,4.78960302535926
20,4,2.8137266514712422,Local,0.0,0.0,0.2813726651471242,4.508370902631242
20,5,2.200372110858928,UAV_1,0.3566564688107031,761076224.0,0.3482031298275369,5.214199210236435
20,6,1.9435566775187014,Local,0.0,0.0,0.1943556677518701,4.655955097286181
20,7,2.148687882380607,UAV_0,0.005324600869485837,1296496256.0,0.21514902751726026,3.6700007693659207
20,8,4.213304270778817,Local,0.0,0.0,0.42133042707788165,5.516372029790177
20,9,1.5510633400209344,Local,0.0,0.0,0.15510633400209342,4.950784486671921
21,0,3.8468945902601166,Local,0.0,0.0,0.38468945902601165,4.912152526376688
21,1,2.665475707727649,Local,0.0,0.0,0.2665475707727649,5.806648507658751
21,2,3.103779288309571,Local,0.0,0.0,0.31037792883095705,4.8682624491825
21,3,2.8171577701106347,Local,0.0,0.0,0.2817157770110635,5.071318802370324
21,4,3.905867115130369,Local,0.0,0.0,0.39058671151303687,4.898957614144279
21,5,1.3077994836141333,UAV_1,0.08696505252629573,1816342528.0,0.14498646053343245,5.359185670769867
21,6,1.7491435656403511,Local,0.0,0.0,0.17491435656403512,4.830869453850217
21,7,2.8489844366226444,Local,0.0,0.0,0.2848984436622644,3.954899213028185
21,8,2.2514012893777418,Local,0.0,0.0,0.22514012893777416,5.741512158727951
21,9,1.9108057301758081,Local,0.0,0.0,0.1910805730175808,5.1418650596895015
22,0,3.26440987814886,UAV_0,0.0028471844589787122,405675808.0,0.3282038204800301,5.240356346856718
22,1,1.4422246369414078,Local,0.0,0.0,0.14422246369414077,5.950870971352892
22,2,2.8797343224968732,Local,0.0,0.0,0.28797343224968736,5.156235881432187
22,3,2.112796544000387,Local,0.0,0.0,0.21127965440003868,5.282598456770362
22,4,4.146090302165964,Local,0.0,0.0,0.41460903021659645,5.313566644360876
22,5,2.8203124823505035,UAV_2,0.04651876743289153,167284032.0,0.283162401805421,5.642348072575288
22,6,2.3337952374280526,Local,0.0,0.0,0.23337952374280524,5.064248977593022
22,7,1.929422279310667,UAV_0,0.007691311565689758,461390144.0,0.1931732981829194,4.1480725112111045
22,8,2.151214967718689,Local,0.0,0.0,0.21512149677186887,5.95663365549982
22,9,2.151254401809022,Local,0.0,0.0,0.2151254401809022,5.356990499870403
23,0,1.99952739729921,Local,0.0,0.0,0.19995273972992098,5.440309086586638
23,1,3.574429831505992,UAV_2,0.006018285290071041,120136560.0,0.3576473495446,6.308518320897491
23,2,2.0981572098799575,UAV_0,0.17464315966489738,1171405056.0,0.22654588215207377,5.382781763584261
23,3,1.1762006041971205,UAV_0,0.05066029409969667,2654621184.0,0.11870911324039393,5.401307570010756
23,4,3.3187798923269614,UAV_0,0.017317216492580792,5328427008.0,0.34361125784263463,5.65717790220351
23,5,1.7734815832354291,Local,0.0,0.0,0.1773481583235429,5.819696230898831
23,6,1.1406357060551753,Local,0.0,0.0,0.11406357060551751,5.178312548198539
23,7,4.746853816059304,UAV_0,0.078363889401698,65181540.0,0.3680109340908702,4.516083445301975
23,8,1.5318116898613363,Local,0.0,0.0,0.15318116898613363,6.109814824485953
23,9,1.9691817984094284,UAV_2,0.11049631887669578,5770128384.0,0.2092696674816899,5.566260167352094
24,0,2.563390225543989,Local,0.0,0.0,0.25633902255439883,5.696648109141037
24,1,3.6661037552609326,Local,0.0,0.0,0.3666103755260932,6.6751286964235845
24,2,2.1304215694170883,Local,0.0,0.0,0.2130421569417088,5.59582392052597
24,3,1.539645617960336,UAV_0,0.380608866374818,1052318720.0,0.16129205578929406,5.5625996258000505
24,4,2.88999228524412,Local,0.0,0.0,0.288999228524412,5.946177130727922
24,5,0.8406704370811262,UAV_2,0.0579976364900208,627777280.0,0.08468903115758955,5.904385262056421
24,6,0.839710890023432,Local,0.0,0.0,0.0839710890023432,5.262283637200882
24,7,1.095427097933585,UAV_0,0.004105431174314258,2717386496.0,0.10959989961154637,4.625683344913521
24,8,3.856698122747596,Local,0.0,0.0,0.38566981227475955,6.495484636760713
24,9,2.9757793952875553,Local,0.0,0.0,0.2975779395287555,5.863838106880849
25,0,3.5927232754264145,Local,0.0,0.0,0.35927232754264143,6.055920436683679
25,1,3.4983631082480144,UAV_0,0.15270238502070824,90948368.0,0.19368414409415996,6.868812840517744
25,2,2.7200394751151356,Local,0.0,0.0,0.2720039475115135,5.867827868037484
25,3,3.1659772371653663,Local,0.0,0.0,0.3165977237165366,5.879197349516587
25,4,0.7176436346631773,Local,0.0,0.0,0.07176436346631772,6.01794149419424
25,5,1.7177714225620224,UAV_0,0.023192419346201976,2365850880.0,0.1729094161002596,6.07729467815668
25,6,1.9747200657771882,Local,0.0,0.0,0.1974720065777188,5.4597556437786015
25,7,0.9915771396433972,UAV_2,0.08604797610683136,1526058752.0,0.10133771352562577,4.727021058439147
25,8,0.9350276652428345,UAV_0,0.01369195022037241,305846848.0,0.09398727059460654,6.589471907355319
25,9,3.3005855229798238,Local,0.0,0.0,0.3300585522979823,6.193896659178832
26,0,3.4776313971494304,Local,0.0,0.0,0.347763139714943,6.403683576398622
26,1,4.575872798069841,UAV_2,0.0030336096736775144,35209028.0,0.4576818347324212,7.326494675250165
26,2,3.5341428724997725,Local,0.0,0.0,0.35341428724997725,6.221242155287461
26,3,2.9957359725434944,Local,0.0,0.0,0.2995735972543494,6.178770946770936
26,4,3.5032039878427823,UAV_2,0.22546948884379453,171548992.0,0.2103083677109193,6.228249861905159
26,5,1.4121454840738914,UAV_1,0.12063889006555752,1830283648.0,0.15773465820322452,6.235029336359905
26,6,1.2435410236082056,Local,0.0,0.0,0.12435410236082056,5.584109746139422
26,7,0.6469821153670251,UAV_0,0.07419719987880315,2901645568.0,0.06497791319721942,4.7919989716363665
26,8,1.5963304217259002,Local,0.0,0.0,0.15963304217259,6.74910494952791
26,9,3.2652252965312685,Local,0.0,0.0,0.32652252965312684,6.5204191888319585
27,0,1.063739808697778,UAV_0,0.009280631601779946,144456624.0,0.10867342296926778,6.51235699936789
27,1,2.4063323521857702,UAV_2,0.006866427384895158,471144704.0,0.240818931516504,7.567313606766669
27,2,2.4055604120426226,Local,0.0,0.0,0.2405560412042622,6.461798196491723
27,3,1.2441386778146641,UAV_0,0.001975592644900738,63991896.0,0.12444903629344127,6.303219983064378
27,4,3.361440052608237,UAV_0,0.11073223244197775,1735035520.0,0.3902892038179354,6.618539065723094
27,5,3.3170565658900526,UAV_2,0.014662180438392828,227652688.0,0.33286938760069246,6.567898723960598
27,6,0.7134217552256185,Local,0.0,0.0,0.07134217552256185,5.655451921661984
27,7,4.068432312006754,UAV_1,0.007299878271296031,382958688.0,0.40989254146057036,5.201891513096937
27,8,2.0872904867504762,UAV_0,0.11508055043576688,162916544.0,0.2208140479942777,6.969918997522187
27,9,3.5415121220237302,UAV_2,0.1699076850188769,551404672.0,0.39891581654886044,6.919335005380819
28,0,4.148472820530435,UAV_0,0.031632837672608875,1971324032.0,0.4329295314442591,6.945286530812149
28,1,3.2060346857032846,UAV_2,0.029941537841616354,215295872.0,0.3213508972937178,7.888664504060387
28,2,3.918969587216684,Local,0.0,0.0,0.3918969587216683,6.853695155213392
28,3,1.5005075462992288,Local,0.0,0.0,0.15005075462992284,6.453270737694301
28,4,1.420397590421283,UAV_0,0.07382214696034367,1143664000.0,0.16037372113310572,6.7789127868562
28,5,2.2424724214165423,UAV_0,0.01817116721254532,319378720.0,0.225566830189012,6.79346555414961
28,6,1.4909016147394092,Local,0.0,0.0,0.1490901614739409,5.804542083135925
28,7,4.701279198894778,UAV_0,0.001675384782683679,395645536.0,0.4702180310279583,5.672109544124895
28,8,1.607274322429775,Local,0.0,0.0,0.16072743224297747,7.130646429765164
28,9,2.4086571001855175,UAV_2,0.008637838405363052,3316482304.0,0.24209777790798312,7.161432783288801
29,0,1.1104324284403646,UAV_0,0.010390765540060036,764372928.0,0.11173473739498241,7.057021268207132
29,1,1.7084040511718168,Local,0.0,0.0,0.17084040511718168,8.05950490917757
29,2,2.5177458264727846,Local,0.0,0.0,0.2517745826472784,7.10546973786067
29,3,2.0653290695800526,UAV_1,0.0007211668059643559,17974580.0,0.20679565986613294,6.660066397560434
29,4,2.4783231947400437,Local,0.0,0.0,0.24783231947400436,7.026745106330204
29,5,4.496168360165507,Local,0.0,0.0,0.4496168360165506,7.243082390166161
29,6,2.2904874670789876,Local,0.0,0.0,0.22904874670789874,6.033590829843824
29,7,2.6959417713901215,Local,0.0,0.0,0.2695941771390121,5.941703721263908
29,8,4.341727490599958,Local,0.0,0.0,0.4341727490599957,7.56481917882516
29,9,1.1125132561641338,UAV_0,0.5019655165997499,1027372224.0,0.11929733460509145,7.280730117893893
30,0,0.634671640118031,UAV_0,0.29273583911005213,804302848.0,0.08137214118246064,7.138393409389592
30,1,2.3791930036580324,UAV_2,0.03820899830085308,537073472.0,0.23823147501019415,8.297736384187763
30,2,1.395320389159217,Local,0.0,0.0,0.13953203891592167,7.245001776776592
30,3,2.812657483015625,Local,0.0,0.0,0.2812657483015625,6.941332145861996
30,4,3.3570276068766125,UAV_0,0.02069445425668203,823115648.0,0.33822010588039186,7.364965212210596
30,5,1.803992794820154,UAV_1,0.09480409076014967,7427614720.0,0.19533296240082132,7.438415352566983
30,6,1.9269896745903878,Local,0.0,0.0,0.19269896745903878,6.226289797302863
30,7,3.374884087552875,Local,0.0,0.0,0.33748840875528746,6.2791921300191955
30,8,2.516998464248895,Local,0.0,0.0,0.2516998464248895,7.81651902525005
30,9,1.5318274442571929,Local,0.0,0.0,0.15318274442571927,7.4339128623196125
31,0,1.0223776256578059,UAV_1,0.00536607196373185,1280032896.0,0.10234489236475429,7.240738301754346
31,1,0.8920495735063003,Local,0.0,0.0,0.08920495735063001,8.386941341538392
31,2,1.763437025103342,Local,0.0,0.0,0.17634370251033418,7.421345479286926
31,3,0.9462446742269482,UAV_0,0.011678206659578371,215470752.0,0.09467694797166121,7.036009093833657
31,4,3.8696618977562025,Local,0.0,0.0,0.3869661897756202,7.751931401986217
31,5,1.1851871783803194,UAV_1,0.7574311764790244,1051855936.0,0.1421656311006128,7.580580983667596
31,6,3.366663869379644,Local,0.0,0.0,0.33666638693796436,6.562956184240828
31,7,1.101211411808224,UAV_2,0.02143095511744286,2847749376.0,0.11038277268879211,6.389574902707988
31,8,2.446422788572337,Local,0.0,0.0,0.24464227885723364,8.061161304107284
31,9,2.9779145143121397,Local,0.0,0.0,0.29779145143121394,7.731704313750827
32,0,3.81488743289699,UAV_0,0.0032690430708167714,51645232.0,0.38208608292373414,7.62282438467808
32,1,1.3283225724149172,Local,0.0,0.0,0.13283225724149172,8.519773598779885
32,2,2.1706662120725007,Local,0.0,0.0,0.2170666212072501,7.638412100494176
32,3,2.528653484553898,Local,0.0,0.0,0.25286534845538977,7.288874442289047
32,4,1.8801428424546223,Local,0.0,0.0,0.1880142842454622,7.939945686231679
32,5,3.6622668399580136,Local,0.0,0.0,0.3662266839958013,7.946807667663397
32,6,2.5360081950014832,Local,0.0,0.0,0.25360081950014834,6.816557003740976
32,7,1.8830852352017202,UAV_0,0.002896918557347639,173605744.0,0.18835153195470944,6.5779264346626976
32,8,3.5751875565952758,Local,0.0,0.0,0.35751875565952757,8.41868005976681
32,9,1.5547138268331704,UAV_0,0.3423072382943592,7550063104.0,0.1705132964858824,7.902217610236709
33,0,6.0920577183921125,UAV_1,0.011098715116463861,7356793.0,0.3999444278094936,8.022768812487573
33,1,3.4708791926646065,Local,0.0,0.0,0.3470879192664606,8.866861518046345
33,2,1.2819532621232703,Local,0.0,0.0,0.12819532621232702,7.7666074267065035
33,3,1.0267900318501906,Local,0.0,0.0,0.10267900318501906,7.391553445474066
33,4,3.460040424025218,Local,0.0,0.0,0.3460040424025218,8.2859497286342
33,5,3.063625772032407,UAV_1,0.1802101602286816,190056784.0,0.33057427578208887,8.277381943445485
33,6,2.4912802381908006,UAV_2,0.04077858180653406,45707500.0,0.2498624025970652,7.066419406338041
33,7,0.4449474314012833,UAV_0,0.4781764126525427,2289168128.0,0.046092474783063116,6.624018909445761
33,8,2.8136286182065877,Local,0.0,0.0,0.2813628618206587,8.70004292158747
33,9,1.5521151031511948,Local,0.0,0.0,0.15521151031511948,8.057429120551829
34,0,2.905169092601572,Local,0.0,0.0,0.29051690926015716,8.31328572174773
34,1,2.5772139887930092,Local,0.0,0.0,0.2577213988793009,9.124582916925647
34,2,1.568788118103642,Local,0.0,0.0,0.1568788118103642,7.923486238516868
34,3,2.221303349977634,Local,0.0,0.0,0.22213033499776336,7.613683780471829
34,4,2.18696956796176,UAV_2,0.08274580818346768,1738587904.0,0.2207790788534348,8.506728807487635
34,5,1.2656858138263896,UAV_2,0.11198690320292012,611530304.0,0.1291605040788188,8.406542447524304
34,6,3.6881434036313263,Local,0.0,0.0,0.3688143403631326,7.435233746701174
34,7,3.737851398048781,UAV_0,0.004008857461214834,387661760.0,0.3738212075172344,6.997840116962995
34,8,1.4843723082079028,Local,0.0,0.0,0.14843723082079027,8.848480152408259
34,9,3.736947013674111,UAV_2,0.0019295013040124263,1100777216.0,0.3741583856951206,8.431587506246949
35,0,3.439853544627181,Local,0.0,0.0,0.3439853544627181,8.65727107621045
35,1,4.533959183865175,UAV_2,0.013145639928552702,939002112.0,0.4536432630853722,9.578226180011018
35,2,2.9930061196782343,Local,0.0,0.0,0.29930061196782337,8.222786850484692
35,3,1.496544830256635,Local,0.0,0.0,0.1496544830256635,7.763338263497493
35,4,1.6481532123796139,Local,0.0,0.0,0.1648153212379614,8.671544128725596
35,5,2.9478583330342185,UAV_0,0.004537216877665708,1686259968.0,0.29492674984731043,8.701469197371614
35,6,2.1984119304043666,Local,0.0,0.0,0.21984119304043664,7.655074939741611
35,7,1.3583639188849812,UAV_0,0.12862264155840486,611183680.0,0.13823779337199432,7.136077910334989
35,8,1.5606590131170146,UAV_0,0.013819212923262224,33942484.0,0.15634321886292332,9.004823371271183
35,9,2.5121631546233236,UAV_2,0.01651320858805346,1604444672.0,0.2536945230974667,8.685282029344416
36,0,3.3217112749231634,UAV_2,0.01776545651579279,335501536.0,0.33262145499115325,8.989892531201603
36,1,15.0,UAV_0,0.10657181025102283,13696281.0,0.21662635951301173,9.79485253952403
36,2,2.5144333506218763,Local,0.0,0.0,0.2514433350621876,8.47423018554688
36,3,2.93179427366118,Local,0.0,0.0,0.29317942736611796,8.056517690863611
36,4,3.071057781133387,UAV_0,0.010783463590488741,800907840.0,0.30884280362453065,8.980386932350127
36,5,1.7231281315762192,UAV_0,0.11699632602088006,2801533440.0,0.1765396168698873,8.8780088142415
36,6,2.995393874104076,Local,0.0,0.0,0.29953938741040764,7.954614327152019
36,7,2.7839581829348106,Local,0.0,0.0,0.27839581829348103,7.41447372862847
36,8,1.2312848674194161,Local,0.0,0.0,0.12312848674194161,9.127951858013125
36,9,1.5500478483430618,UAV_0,0.08772816024728669,58852192.0,0.09624181465777965,8.781523844002196
37,0,0.9847464320686246,UAV_0,0.1129949990207021,129070616.0,0.10125836175486362,9.091150892956467
37,1,1.564702802493734,UAV_0,0.14548931087522862,1349777408.0,0.1596754984871657,9.954528038011196
37,2,1.5450338931728025,Local,0.0,0.0,0.15450338931728022,8.62873357486416
37,3,3.6876002130034813,UAV_1,0.017425364164609138,7347368448.0,0.3836910632481128,8.440208754111724
37,4,1.5032886038823845,Local,0.0,0.0,0.15032886038823842,9.130715792738366
37,5,1.9937845080940513,Local,0.0,0.0,0.1993784508094051,9.077387265050906
37,6,2.0285079949652154,Local,0.0,0.0,0.20285079949652152,8.15746512664854
37,7,2.888231912551238,Local,0.0,0.0,0.2888231912551238,7.703296919883593
37,8,2.2062168068612653,Local,0.0,0.0,0.22062168068612653,9.348573538699252
37,9,1.8708931005174236,Local,0.0,0.0,0.18708931005174237,8.968613154053939
38,0,3.134274468049604,Local,0.0,0.0,0.3134274468049604,9.404578339761427
38,1,1.5928720062921775,UAV_0,0.010053289260432308,30836468.0,0.15938480653158568,10.113912844542781
38,2,1.1926884472531105,Local,0.0,0.0,0.11926884472531103,8.748002419589472
38,3,1.2039438827888018,Local,0.0,0.0,0.12039438827888017,8.560603142390605
38,4,3.978824078131007,UAV_2,0.05375333627138672,4188824832.0,0.398417443888172,9.529133236626539
38,5,0.7694149066749798,UAV_1,0.05833038559523847,7006764032.0,0.0825006940350792,9.159887959085985
38,6,2.04911252743044,Local,0.0,0.0,0.20491125274304395,8.362376379391584
38,7,2.2437916466522023,Local,0.0,0.0,0.2243791646652202,7.927676084548813
38,8,0.9046025889927238,Local,0.0,0.0,0.09046025889927238,9.439033797598524
38,9,3.1305420353347464,Local,0.0,0.0,0.31305420353347463,9.281667357587413
39,0,2.792473720980762,Local,0.0,0.0,0.2792473720980762,9.683825711859503
39,1,0.9475902827742905,Local,0.0,0.0,0.09475902827742903,10.20867187282021
39,2,1.3159361927211495,Local,0.0,0.0,0.13159361927211494,8.879596038861587
39,3,2.462948292259666,Local,0.0,0.0,0.24629482922596657,8.806897971616571
39,4,2.6754474647666076,Local,0.0,0.0,0.26754474647666077,9.7966779831032
39,5,1.044416074535111,UAV_1,0.3389408695574389,1639412224.0,0.13689175988984748,9.296779718975833
39,6,1.347317662825134,Local,0.0,0.0,0.1347317662825134,8.497108145674098
39,7,2.426462141496986,UAV_2,0.031096499974220735,2702590208.0,0.24301228795678373,8.170688372505596
39,8,2.886403362269492,Local,0.0,0.0,0.2886403362269491,9.727674133825474
39,9,3.0112977104397882,Local,0.0,0.0,0.3011297710439788,9.582797128631391
40,0,2.4191234476791847,UAV_0,0.02123908885313078,1895227520.0,0.24386423181723238,9.927689943676736
40,1,3.11928727788641,Local,0.0,0.0,0.31192872778864095,10.520600600608851
40,2,2.801045963866881,Local,0.0,0.0,0.2801045963866881,9.159700635248274
40,3,2.892596421495015,Local,0.0,0.0,0.28925964214950145,9.096157613766072
40,4,2.083874750991057,UAV_0,0.07918281858784902,2653114112.0,0.21217797463531426,10.008855957738513
40,5,2.9329369309099262,UAV_1,0.033180420122665276,1402392704.0,0.30265882181704046,9.599438540792873
40,6,2.0583063931027956,Local,0.0,0.0,0.20583063931027953,8.702938784984378
40,7,3.4667839165466385,Local,0.0,0.0,0.3466783916546638,8.51736676416026
40,8,2.0820761799678156,Local,0.0,0.0,0.20820761799678156,9.935881751822254
40,9,0.7664151881440054,Local,0.0,0.0,0.07664151881440052,9.659438647445791
41,0,2.4377412991297955,Local,0.0,0.0,0.24377412991297953,10.171464073589716
41,1,2.6872639154266165,Local,0.0,0.0,0.26872639154266165,10.789326992151514
41,2,1.1783975713731163,Local,0.0,0.0,0.11783975713731161,9.277540392385585
41,3,1.4785381694512107,Local,0.0,0.0,0.14785381694512106,9.244011430711193
41,4,3.0182309834790915,UAV_2,0.044447236089549154,263126528.0,0.3028081218439465,10.31166407958246
41,5,2.938711792185871,UAV_2,0.016814860838653318,539226880.0,0.2941009025504699,9.893539443343343
41,6,1.6021611686639543,Local,0.0,0.0,0.16021611686639542,8.863154901850773
41,7,4.098217840962115,Local,0.0,0.0,0.4098217840962115,8.92718854825647
41,8,2.094452178845696,Local,0.0,0.0,0.20944521788456957,10.145326969706824
41,9,2.5364308790124737,Local,0.0,0.0,0.25364308790124734,9.913081735347038
42,0,2.9893554096698205,Local,0.0,0.0,0.298935540966982,10.470399614556698
42,1,2.6684316988990164,UAV_2,0.12875030491789763,2592738560.0,0.267817189794383,11.057144181945898
42,2,1.5162110105248674,Local,0.0,0.0,0.15162110105248672,9.429161493438071
42,3,2.4743462583558937,Local,0.0,0.0,0.24743462583558934,9.491446056546783
42,4,0.8023696469343918,Local,0.0,0.0,0.08023696469343918,10.3919010442759
42,5,0.6893707560349195,UAV_1,0.5395477941950204,2948065024.0,0.15077183932604216,10.044311282669385
42,6,0.9653293619668132,Local,0.0,0.0,0.0965329361966813,8.959687838047454
42,7,2.7729422126799923,UAV_1,0.039827304338119256,3097504768.0,0.3023340907988373,9.229522639055308
42,8,2.2155463582374066,Local,0.0,0.0,0.22155463582374066,10.366881605530565
42,9,1.794483734872768,Local,0.0,0.0,0.1794483734872768,10.092530108834316
43,0,1.7438860438574204,UAV_0,0.03964811583751092,483085696.0,0.17563155507443273,10.64603116963113
43,1,1.790258401321166,Local,0.0,0.0,0.1790258401321166,11.236170022078014
43,2,1.3477935462750559,Local,0.0,0.0,0.13477935462750557,9.563940848065577
43,3,2.191808603179677,Local,0.0,0.0,0.21918086031796766,9.71062691686475
43,4,2.664292991749586,Local,0.0,0.0,0.26642929917495856,10.658330343450858
43,5,1.0525516036159164,UAV_2,0.03648095875948013,607399424.0,0.10538590397968821,10.149697186649073
43,6,3.344843884214863,Local,0.0,0.0,0.3344843884214863,9.294172226468941
43,7,1.3516894633074883,UAV_0,0.034191574214629095,3653936640.0,0.13544358215630928,9.364966221211617
43,8,3.6592292062364153,Local,0.0,0.0,0.3659229206236415,10.732804526154206
43,9,2.467462544719856,Local,0.0,0.0,0.24674625447198556,10.3392763633063
44,0,1.1404912060643748,UAV_0,0.006054864177181726,557069952.0,0.11428864985421268,10.760319819485343
44,1,1.256665728837961,Local,0.0,0.0,0.1256665728837961,11.36183659496181
44,2,2.703017075444913,Local,0.0,0.0,0.2703017075444913,9.834242555610068
44,3,4.3709344417555025,Local,0.0,0.0,0.4370934441755502,10.147720361040301
44,4,3.423520936174143,Local,0.0,0.0,0.34235209361741425,11.000682437068273
44,5,2.20486962966035,UAV_2,0.08324383941262041,99264824.0,0.2209747300345886,10.370671916683662
44,6,3.0385593188328874,Local,0.0,0.0,0.3038559318832887,9.59802815835223
44,7,2.238149103006743,Local,0.0,0.0,0.22381491030067427,9.588781131512292
44,8,2.619568576764538,Local,0.0,0.0,0.26195685767645377,10.99476138383066
44,9,5.516176454468074,UAV_0,0.2856638133206834,75857424.0,0.10854190612416512,10.447818269430465
45,0,1.6040644310756182,UAV_1,0.059757859006873575,98120368.0,0.16494694157960343,10.925266761064947
45,1,2.821582143473158,UAV_2,0.013947871300325595,13233757.0,0.2640411329932702,11.62587772795508
45,2,2.7699043007491464,Local,0.0,0.0,0.27699043007491464,10.111232985684982
45,3,1.0398545886758044,UAV_0,0.0327020968432939,253903904.0,0.10412955967316449,10.251849920713466
45,4,1.8024989456931684,Local,0.0,0.0,0.18024989456931684,11.180932331637589
45,5,3.08695570938766,Local,0.0,0.0,0.308695570938766,10.679367487622429
45,6,3.237554724311416,Local,0.0,0.0,0.3237554724311416,9.921783630783372
45,7,2.0191709058402836,Local,0.0,0.0,0.20191709058402837,9.79069822209632
45,8,1.5072863026163525,Local,0.0,0.0,0.15072863026163524,11.145490014092296
45,9,1.5242026817674812,Local,0.0,0.0,0.15242026817674809,10.600238537607213
46,0,0.8988003504899231,Local,0.0,0.0,0.08988003504899231,11.015146796113939
46,1,2.72790764445715,Local,0.0,0.0,0.272790764445715,11.898668492400795
46,2,3.6328353681296113,Local,0.0,0.0,0.3632835368129611,10.474516522497943
46,3,1.7578351875192944,UAV_0,0.41343508656222544,1552607360.0,0.18817691965024944,10.440026840363716
46,4,2.598865099302871,Local,0.0,0.0,0.25988650993028706,11.440818841567875
46,5,1.8359665195154509,UAV_2,0.04424208982765556,1706560640.0,0.1837700174833601,10.863137505105788
46,6,3.1824944958982746,Local,0.0,0.0,0.3182494495898274,10.2400330803732
46,7,0.507928571430165,UAV_0,0.44401238319516895,1771936128.0,0.053007158856516544,9.843705380952837
46,8,3.6078050545433036,Local,0.0,0.0,0.3607805054543303,11.506270519546627
46,9,4.14754293031205,Local,0.0,0.0,0.414754293031205,11.014992830638418
47,0,1.1552948529849847,Local,0.0,0.0,0.11552948529849845,11.130676281412438
47,1,4.517283100336174,UAV_2,0.0024783846132100467,1390302080.0,0.45179823561449334,12.350466728015288
47,2,1.5489625987619373,UAV_0,0.6249883794214768,779326080.0,0.07731136148454867,10.551827883982492
47,3,1.6091733653753506,Local,0.0,0.0,0.16091733653753507,10.600944176901251
47,4,1.7210163080275998,UAV_0,0.0858912981864002,3236308224.0,0.1744871361946544,11.61530597776253
47,5,3.061364488275839,Local,0.0,0.0,0.3061364488275839,11.169273953933372
47,6,3.46392751539263,UAV_2,0.0206809294407568,258243792.0,0.3468081873685364,10.586841267741736
47,7,4.1003424268229836,Local,0.0,0.0,0.4100342426822983,10.253739623635136
47,8,2.065150998427056,Local,0.0,0.0,0.2065150998427056,11.712785619389333
47,9,1.1339372468321658,Local,0.0,0.0,0.11339372468321657,11.128386555321635
48,0,1.488476475533604,UAV_1,0.012237159307374313,2042036864.0,0.1509239403757199,11.281600221788157
48,1,1.7665882869615015,UAV_2,0.023184702197805187,404503264.0,0.17681413189770206,12.52728085991299
48,2,0.8245933732443338,Local,0.0,0.0,0.08245933732443336,10.634287221306925
48,3,3.4861068059564833,UAV_1,0.010919154482364557,425541152.0,0.3838223347341588,10.98476651163541
48,4,1.5647049764838834,Local,0.0,0.0,0.15647049764838833,11.771776475410919
48,5,4.622527357393887,Local,0.0,0.0,0.46225273573938863,11.63152668967276
48,6,4.8081620788163955,Local,0.0,0.0,0.4808162078816395,11.067657475623376
48,7,1.0392971861116367,UAV_0,0.20627547414471836,2336963072.0,0.10463253735152521,10.358372160986661
48,8,2.8855389280163855,Local,0.0,0.0,0.2885538928016385,12.001339512190972
48,9,1.279096954756043,Local,0.0,0.0,0.1279096954756043,11.25629625079724
49,0,1.9971614182497768,UAV_0,0.012801415653640815,410397248.0,0.20015616117490004,11.481756382963058
49,1,2.1690450084905732,UAV_2,0.06924081181964069,87022224.0,0.21842214422916134,12.74570300414215
49,2,3.697964363481493,Local,0.0,0.0,0.3697964363481493,11.004083657655075
49,3,3.52637970078541,UAV_1,0.12827984507933185,3521741056.0,0.5753788679186049,11.560145379554015
49,4,2.9113438641413207,Local,0.0,0.0,0.2911343864141321,12.062910861825051
49,5,2.0788092430512335,UAV_2,0.008861909924031975,98563944.0,0.20806198312770277,11.839588672800463
49,6,2.171170480637978,Local,0.0,0.0,0.21711704806379775,11.284774523687174
49,7,0.6630071109970364,UAV_0,0.736965252848036,1088451328.0,0.028725329047613914,10.387097490034275
49,8,3.063319610908885,Local,0.0,0.0,0.30633196109088845,12.30767147328186
49,9,4.322939756267659,UAV_2,0.029004396745559484,228506512.0,0.43497637896460933,11.69127262976185
50,0,1.8008981690372805,UAV_0,0.012323418376815911,583722432.0,0.18061409424379737,11.662370477206855
50,1,1.608680042862837,UAV_2,0.12342822903229633,1103962496.0,0.1622250921231396,12.90792809626529
50,2,3.960284324262188,Local,0.0,0.0,0.3960284324262187,11.400112090081294
50,3,3.746676969353581,UAV_1,0.008409227268011014,35479616.0,0.3875008971102384,11.947646276664253
50,4,0.6158182899540253,UAV_0,0.8731497608788495,3360919552.0,0.050312972241287585,12.11322383406634
50,5,3.412715827814693,UAV_2,0.013832502055919921,1004432960.0,0.3415171082993107,12.181105781099774
50,6,1.8593771575425264,Local,0.0,0.0,0.18593771575425264,11.470712239441427
50,7,2.792062585720956,Local,0.0,0.0,0.2792062585720956,10.66630374860637
50,8,4.030317512435401,Local,0.0,0.0,0.40303175124354007,12.710703224525401
50,9,1.8732707805990574,UAV_0,0.1370077436502914,131243288.0,0.1575703093198669,11.848842939081717
51,0,3.6926647377479096,Local,0.0,0.0,0.3692664737747909,12.031636950981646
51,1,4.19891029319985,Local,0.0,0.0,0.41989102931998495,13.327819125585274
51,2,2.242792991776605,Local,0.0,0.0,0.2242792991776605,11.624391389258953
51,3,1.7506684623889865,Local,0.0,0.0,0.17506684623889862,12.122713122903152
51,4,1.3087158239165526,Local,0.0,0.0,0.13087158239165525,12.244095416457995
51,5,1.2507730358378712,UAV_2,0.0066202891560171355,432175328.0,0.12510449901605966,12.306210280115833
51,6,3.479657950810887,Local,0.0,0.0,0.34796579508108866,11.818678034522517
51,7,1.0441790599647507,UAV_0,0.042559279662542686,3019950592.0,0.10483360340926226,10.771137352015632
51,8,2.169745638780317,UAV_0,0.1092183860167392,260360688.0,0.21834045467654015,12.929043679201941
51,9,2.5447169015222166,Local,0.0,0.0,0.25447169015222165,12.103314629233939
52,0,1.2378904653524874,UAV_0,0.04087568175389023,658521152.0,0.12487144622637593,12.156508397208022
52,1,2.3165603591022372,UAV_2,0.025359464171770735,121783672.0,0.23298981849385436,13.560808944079128
52,2,2.0399253186250483,UAV_0,0.4186285096453916,4382085120.0,0.22155930461720358,11.845950693876157
52,3,3.5621228685047064,Local,0.0,0.0,0.3562122868504706,12.478925409753622
52,4,1.8519576774726743,UAV_2,0.5537505163785365,1009636608.0,0.18505392537800847,12.429149341836004
52,5,4.122958644037832,UAV_2,0.008382613256135854,110092672.0,0.41259716326925994,12.718807443385092
52,6,1.5159658668490053,UAV_0,0.041418868218818766,806201920.0,0.15378443106205378,11.97246246558457
52,7,2.3752468701671883,Local,0.0,0.0,0.23752468701671883,11.008662039032352
52,8,1.5709248143099588,UAV_0,0.04648746487546565,172605136.0,0.15771523197294035,13.086758911174881
52,9,4.26003626220676,UAV_2,0.005014203330791014,2957315840.0,0.4265497565492877,12.529864385783226
53,0,2.611857126949105,UAV_2,0.006254472386494148,116743384.0,0.2618595188960845,12.418367916104106
53,1,0.6141028857695684,UAV_2,0.002841320507690509,42456064.0,0.06143155143951572,13.622240495518643
53,2,2.0100295291502985,Local,0.0,0.0,0.20100295291502984,12.046953646791186
53,3,2.8735098149439393,UAV_1,0.01717393204934363,49901476.0,0.3205802121461286,12.79950562189975
53,4,1.5036282179833727,Local,0.0,0.0,0.15036282179833727,12.579512163634341
53,5,2.3664712749715666,Local,0.0,0.0,0.23664712749715663,12.95545457088225
53,6,2.1593548890201415,Local,0.0,0.0,0.2159354889020141,12.188397954486584
53,7,1.667763438772649,Local,0.0,0.0,0.16677634387726492,11.175438382909617
53,8,1.6672232174673434,Local,0.0,0.0,0.16672232174673435,13.253481232921615
53,9,1.4342797805163727,UAV_0,0.015642136554020556,2261303552.0,0.14353291820512482,12.67339730398835
54,0,1.9848197507838021,Local,0.0,0.0,0.1984819750783802,12.616849891182486
54,1,3.0546026748136637,Local,0.0,0.0,0.30546026748136634,13.92770076300001
54,2,2.355973339022723,Local,0.0,0.0,0.23559733390227228,12.282550980693458
54,3,3.6760429002072352,Local,0.0,0.0,0.3676042900207235,13.167109911920473
54,4,1.8286202520628712,UAV_2,0.24051652379556385,552342272.0,0.21088850228428643,12.790400665918627
54,5,1.3481298903846985,UAV_2,0.03327589677747913,164961984.0,0.1354868636096233,13.090941434491873
54,6,1.8961242277685766,Local,0.0,0.0,0.18961242277685764,12.378010377263442
54,7,0.3445173296161037,UAV_2,0.8780661920752934,4625308672.0,0.0340512256275414,11.209489608537158
54,8,1.1512846174932436,UAV_0,0.12105565002472297,126586256.0,0.1060751174343857,13.359556350356002
54,9,2.812814511273736,UAV_2,0.007905316672358338,946404992.0,0.28227241781315904,12.95566972180151
55,0,3.3733955409159524,UAV_1,0.001773350152142508,66382708.0,0.338962020358354,12.95581191154084
55,1,0.9855259051612195,UAV_2,0.011005180644709556,510353184.0,0.09863005412928817,14.026330817129297
55,2,2.426691524453433,Local,0.0,0.0,0.24266915244534326,12.5252201331388
55,3,3.2513879895345648,UAV_1,0.05591062937951005,26060804.0,0.2323541441129704,13.399464056033445
55,4,2.6768503136705877,Local,0.0,0.0,0.26768503136705873,13.058085697285685
55,5,3.259551089508196,Local,0.0,0.0,0.3259551089508196,13.416896543442693
55,6,1.3998304247469178,UAV_0,0.027404524449466113,357028064.0,0.14058307780142415,12.518593455064865
55,7,3.163964865335746,UAV_0,0.0007741857119370882,85051776.0,0.3164113837753699,11.525900992312527
55,8,1.8787039266452985,Local,0.0,0.0,0.18787039266452982,13.547426743020532
55,9,1.9646033550227195,Local,0.0,0.0,0.19646033550227196,13.152130057303781
56,0,0.6948047373389327,UAV_0,0.00713613714724037,105964128.0,0.06952989778569413,13.025341809326534
56,1,1.189878435311718,Local,0.0,0.0,0.11898784353117178,14.14531866066047
56,2,1.418488707032998,Local,0.0,0.0,0.14184887070329977,12.6670690038421
56,3,1.3280944250457802,UAV_1,0.01061083061171349,886340672.0,0.1496929143891271,13.549156970422572
56,4,1.1190938313448615,UAV_2,0.22227424072503732,578862336.0,0.11673092331196235,13.174816620597648
56,5,1.1600588124366125,Local,0.0,0.0,0.11600588124366122,13.532902424686354
56,6,1.8428612595043798,Local,0.0,0.0,0.18428612595043797,12.702879581015303
56,7,3.846905263895762,UAV_1,0.0033018792213293,892158208.0,0.3915036898736117,11.917404682186138
56,8,3.4139269233048917,Local,0.0,0.0,0.34139269233048913,13.88881943535102
56,9,2.487652699137968,Local,0.0,0.0,0.24876526991379677,13.400895327217578
57,0,1.014034256362667,Local,0.0,0.0,0.1014034256362667,13.1267452349628
57,1,2.902508318806397,UAV_2,0.01985194934395214,366946432.0,0.29104754194571,14.43636620260618
57,2,2.2051555373860414,Local,0.0,0.0,0.22051555373860415,12.887584557580704
57,3,0.7193597136860195,UAV_0,0.26546218087593915,1391727872.0,0.0735120045076683,13.62266897493024
57,4,2.336392207599235,Local,0.0,0.0,0.23363922075992344,13.408455841357572
57,5,1.2818955652004742,Local,0.0,0.0,0.1281895565200474,13.6610919812064
57,6,2.2795970348479413,Local,0.0,0.0,0.22795970348479414,12.930839284500097
57,7,1.2466179598988858,Local,0.0,0.0,0.12466179598988857,12.042066478176027
57,8,1.807336189958592,UAV_2,0.033330370897131784,36883192.0,0.18120980731126496,14.070029242662287
57,9,2.715022277734853,Local,0.0,0.0,0.2715022277734853,13.672397554991063
58,0,0.6509148419095897,UAV_0,0.09246019915727967,162502848.0,0.06592248909186119,13.192667724054662
58,1,1.2256847026377173,Local,0.0,0.0,0.12256847026377171,14.558934672869952
58,2,4.765414939899876,Local,0.0,0.0,0.4765414939899875,13.364126051570691
58,3,1.2588661623350215,Local,0.0,0.0,0.1258866162335021,13.748555591163743
58,4,3.1104035734260025,Local,0.0,0.0,0.3110403573426002,13.719496198700172
58,5,0.8954795597221011,UAV_1,0.32395138733603984,499337920.0,0.12569771264878482,13.786789693855185
58,6,3.3921821242509775,Local,0.0,0.0,0.33921821242509775,13.270057496925194
58,7,1.0114460998951245,Local,0.0,0.0,0.10114460998951245,12.14321108816554
58,8,1.3052260274246426,Local,0.0,0.0,0.13052260274246424,14.200551845404751
58,9,1.6246104861939028,UAV_2,0.03570956273059707,64229236.0,0.16304094579506961,13.835438500786132
59,0,2.6400739626075063,UAV_0,0.0036525786881600407,1088040832.0,0.26421787870447994,13.456885602759142
59,1,0.9410142751465136,UAV_2,0.06456167769116801,217753536.0,0.09526538906306509,14.654200061933018
59,2,3.7127284018442426,Local,0.0,0.0,0.37127284018442425,13.735398891755116
59,3,1.7228147936323877,UAV_1,0.0014751196309972048,145089488.0,0.17474598169657557,13.92330157286032
59,4,2.704443193851281,Local,0.0,0.0,0.2704443193851281,13.9899405180853
59,5,3.5281755071069236,UAV_2,0.02977064923974602,2405776384.0,0.3535874627700965,14.140377156625282
59,6,0.9638207769784495,UAV_0,0.3655509933496367,929096640.0,0.10715491837445745,13.37721241529965
59,7,1.891184402955051,UAV_0,0.00539104013836495,764541824.0,0.1892036562365115,12.332414744402051
59,8,3.7182322307165805,Local,0.0,0.0,0.371823223071658,14.57237506847641
59,9,2.9634578662162556,Local,0.0,0.0,0.29634578662162553,14.131784287407758
